Name,Price,Brand
"SanDisk Ultra Dual Drive Go, USB Type-C, 256GB, Absinthe Green, 400MB/s R, 5 Y Warranty, Mobile Pendrive","1,767",SanDisk
"Verilux速 Flash Drive 64GB 4 in 1 Pendrive with Light-ning, Micro USB, USB A, Type-C Interface Mini Hangable Pen Drive for iOS & Android Compatible with Phone, Pad, Android, PC and More Devices","1,282",Verilux
"HP v236w USB 2.0 64GB Pen Drive,",399,HP
HP 818w 64GB USB 3.2 Flash Drive Silver Metal,399,HP
SanDisk Cruzer Blade 64GB USB 2.0 Flash Drive,388,SanDisk
"SanDisk Ultra Flair 64GB USB 3.0 Pen Drive, Multicolor",429,SanDisk
HP v222w 64GB USB 2.0 Pen Drive (Silver),349,HP
Geonix Pendrive I Silver I USB 2.0 I Keyring Design I Lightweight I Variant 8GB I 5 Years Warranty,219,GEONIX
SanDisk Cruzer Blade 32GB USB Flash Drive,319,SanDisk
HP 712w 64GB USB 3.2 Flash Drive- Black,479,HP
Amazon Basics 64 GB Flash Drive | USB 3.0 | Upto 150 MB/s | Silver,469,amazon basics
amazon basics 128Gb Ultra Fast USB 3.1 Flash Drive 1 Pack,729,amazon basics
"SanDisk Ultra Dual Drive Go usb3.0 Type C Pendrive for Mobile (Black, 64 GB, 5Y - SDDDC3-064G-I35)",692,SanDisk
SanDisk 速 Ultra Curve USB 3.2 64GB 100MB/s R Navy Blue,427,SanDisk
SanDisk SDCZ50-128G-I35 USB2.0 128 GB Pen Drive (Red and Black),687,SanDisk
"SanDisk Ultra Dual Drive Go, USB Type-C, 128GB, Navagio Bay, 400MB/s R, 5 Y Warranty, Mobile Pendrive",997,SanDisk
"SanDisk Ultra Dual Drive Luxe Type C, Gold, 128GB, Up to 400MB/s Transfer Speed, USB 3.2 Gen 1, 5 Y Warranty","1,147",SanDisk
"SanDisk Ultra 64 GB USB 3.0 Pen Drive (SDCZ48-064G-135/SDCZ48-064G-UAM46, Black)",444,SanDisk
"HP v207w 32GB USB 2.0 Pen Drive,Black",289,HP
HP v222w 32GB USB 2.0 Pen Drive (Silver),329,HP
HP x796w 64GB USB 3.2 Flash Drive,649,HP
HP 818w 64GB USB 3.2 Flash Drive Silver Metal,399,HP
"SanDisk Ultra Dual Drive Go, USB Type-C, 256GB, Absinthe Green, 400MB/s R, 5 Y Warranty, Mobile Pendrive","1,767",SanDisk
HP x796w 64GB USB 3.2 Flash Drive,649,HP
HP USB 2.0 Flash Drive 128GB (v236w),725,HP
HP 712w 64GB USB 3.2 Flash Drive- Blue,479,HP
SanDisk Ultra Dual 32 GB USB 3.0 OTG Pen Drive (Black),349,SanDisk
HP v150w 64 GB USB 2.0 Flash Drive (Blue),359,HP
"Amazon Basics 64 GB Flash Drive | USB 2.0 E Series | Temperature, Shock and Vibration Resistant | Plastic Body Finish",329,amazon basics
HP USB 2.0 Flash Drive 128GB v150w-Blue,569,HP
SanDisk Cruzer Blade SDCZ50-016G-135 16 GB USB 2.0 Pen Drive (Red),309,SanDisk
SanDisk Ultra 128 GB USB 3.0 Pen Drive (Black),777,SanDisk
Amazon Basics 64 GB Flash Drive | USB 3.0 | Upto 150 MB/s | Silver,469,amazon basics
HP 818w 64GB USB 3.2 Flash Drive Silver Metal,399,HP
"HP v236w 32GB USB 2.0 Pen Drive, Grey",359,HP
HP 818w 32GB USB 3.2 Flash Drive Silver Metal,399,HP
"SanDisk Ultra Dual Drive Go, USB Type-C, 128GB, Black, 400MB/s R, 5 Y Warranty, Mobile Pendrive",997,SanDisk
"SanDisk Ultra Flair 128GB USB 3.0 Pen Drive, Silver Black",817,SanDisk
"SanDisk Ultra Shift USB Flash Drive 64GB, USB 3.2 Gen 1, Cattleya Orchid Colour",427,SanDisk
SanDisk 速 Ultra Curve USB 3.2 128GB 100MB/s R Navy Blue,747,SanDisk
Geonix Pendrive I Silver I USB 2.0 I Keyring Design I Lightweight I Variant 16GB I 5 Years Warranty,259,GEONIX
"SanDisk Ultra Dual USB Drive 3.1, SDDDC2-256G-I35 256GB, USB 3.1/Type C Reversible Connector, Retractable Design, Type-C OTG-Enabled Android Devices, 5Y (Black, Silver)","1,847",SanDisk
"Verilux速 Flash Drive 64GB 4 in 1 Pendrive with Light-ning, Micro USB, USB A, Type-C Interface Mini Hangable Pen Drive for iOS & Android Compatible with Phone, Pad, Android, PC and More Devices","1,282",Verilux
Amazon Basics 64GB USB 3.0 Flash Drive | 80+ Mbps Read Speed | Dual Interface Type-C & USB | High-Speed Data Transfer (Metal),609,amazon basics
